building_name,email,source_url
38 Hichborn Luxury,,
500 Ocean Ave - Luxury,,
"Brickpoint Properties, Inc. - LUXURY",,
Eagle Rock Properties,,
Elan Union Market Luxury,,
Everleigh Cape Cod,,
GateHouse 75 LUXURY,,
One Greenway - LUXURY,,
The Nines Luxury,,
The Residences at Crosspoint,,
The Retreat at Marlborough,theretreat@greystar.com,https://sebhousing.com/property/the-retreat-at-marlborough/
Wellesley Place Luxury Apartments,wellesleyplace978@gmail.com,https://search.housingnavigatorma.org/navigator/listing/HN-MA-017955
HUB 50 House,,
Avenu at Natick,,
Zero,,
Traders Row,,
Mill Street Heights,,
Plumley Village,,
Preserve North Residences,,
1 Upland Apartments,,
100 Memorial Drive,,
100 Pier 4,,
1035 Commonwealth,,
14 North *UDR),,
145 Front at City Square,,
15 High Street Residences,,
190 North,,
201 Canal,,
212 Stuart,,
365 Western Ave,,
40 & 50 Great Brook Valley,,
50 West Broadway,,
625 McGrath Way,,
735 Truman Apartments,,
7INK,,
A. O. Flats,,
AVA North Point,,
AVA Somerville,,
AVA Theater District,,
Ace Flats,,
Alcott Apartments,tlang@maloneyproperties.com,https://search.housingnavigatorma.org/navigator/listing/HN-MA-017763
Alexan Chelmsford,,
Alta 412 at Abington Station,,
Alta Union House,,
Amy Lowell Apartments,,
Anchorage Apartments,,
Andover Place,,
Arborpoint at Woodland Station,,
Ashland Woods,,
Ashlar Park,,
Atwood Saugus,,
Auburn Court,,
Audubon Plantation Ridge,,
Avalon Brighton,,
Avalon Easton,,
Avalon Hingham Shipyard,,
Avalon Natick,,
Avalon North Andover,,
Avalon North Point,,
Avalon North Point Lofts,,
Avalon Quincy,,
Avalon Quincy Adams,,
Avalon Saugus,,
Avalon at Assembly Row,,
Avalon at Bedford Center,,
Avalon at Burlington,,
Avalon at Exeter,,
Avalon at Lexington,,
Avalon at North Station,,
Avalon at The Pinehills,,
Avana East Main,,
Avana Marlborough,,
Axiom Apartment homes,,
Axis at Lakeshore,,
Bancroft Lofts,,
Barclay on Beacon,,
Beaver Brook Crossing,,
Beaver Brook Village,,
Bell Stoughton,,
Berkshire at the Pinehills,,
Bethany Apartments,,
Blue Hills Village,,
Breakwater North Harbor,,
Bremen 282,,
Briar Glen Village,,
Briarwood Townhomes,,
Briggs Crossing,,
Brigham Square,,
Brook Haven Estates,,
Burnham Apartment Homes,,
Cabot Crossing,,
Cambridge Park,,
Canalside Apartments,,
Castle Square,,
Center & Stone,,
Charlesbank Residences,,
Chestnut Place,,
Christopher Columbus Plaza,ssarno@peabodyproperties.com,https://search.housingnavigatorma.org/navigator/listing/HN-MA-010396
Chroma,,
Clermont Living,,
Coach House,,
Colonial Point Apartments,,
Courthouse Lofts,,
Cove 164,,
Devenscrest Village,,
Douglass Park Apartments,,
"E3- Element, Eco, Edge",,
Eagle Rock Apartments at Metro West,,
Eagle Rock Apartments at Swampscott,,
Eaves Peabody,,
Edge Merrimack River,,
Edgemere Crossing,,
Elevation at Crown Colony,,
Ellis Factory Lofts,,
Emery Flats,,
Empresa,,
Enterprise Apartment Homes,,
Essex Apartment Homes,,
Fairhaven Residential Gardens,,
Flats on 131,,
Forest Park Apartments,,
Fox Hower Framingham,,
Foxmeadow Farm,,
Franklin Commons,,
GABLES-ARSENAL STREET,,
Gables University Station,,
Girard Apartments,,
Grayson Lofts,,
HEW at 1515,,
Halstead Holden,halstead-ah@m.knck.io,https://sebhousing.com/property/halstead-holden/
Halstead Plymouth,,
Halyard,,
Hanover Alewife,,
Harbor Point,,
HarborView at Navy Yard,,
Harper,,
Haven North Andover,,
Hemlock Lane Apartments,,
Heritage at Bedford Springs,,
Highland House Apartments,,
Highland West,,
Highlands at Dearborn Apartments,,
Highlands at Hudson,,
Holmes Beverly,,
Ink Block,,
Inwood West,,
J Malden Center,,
J Woburn Heights,,
Jade,,
Jayden Apartments,,
Junction Lofts,,
Kendall Crossing Cambridge,,
Kent Apartments,,
Kimball Towers,,
Lamplighter Village,,
Link 480,,
Loft Two Seven,,
Lonvale Gardens,,
Lore,,
Lumiere,,
Lux Ridge,,
Lux at Stoughton,,
Manor Grove Apartments,,
Maple Square Residences,,
Marquee at Andover,,
Mashpee Village,,
Mason,,
Massachusetts Mills,,
Matrix Hudson,,
Mave Apartments,,
Maxwell,,
Maxwell's Green,,
McKay,,
Mercantile Wharf,,
Meriel Marina Bay,,
Michael's Landing,,
Mill Falls,,
Mill Street Gardens,,
Mill Valley Estates,,
Mill and 3 Apartments,,
Millennium Place,,
Millside at Heritage Park,,
Mosaic,,
Natick Corner,,
Newton Gardens,,
Nexxus Apartments,,
Northgate Apartments,,
Norton Links Apartments,,
Ocean Point Apartments,,
Old Towne Village,,
One Wall Street Apartments,,
Oriole Landing,,
Overlook at Saint Gabriel's,,
Oxford Apartments,,
Oxford Court Apartments,,
Pac10 Lofts,,
Pacific Mill Lofts,,
Parc Westborough,,
Pelham Hall,,
Pelham Hall,,
Portside at East Pier,,
Princeton Place,,
Princeton Westford,,
Princeton at Mount Vernon,,
Prism Apartment Homes,,
Proto Kendall Square,,
Prynne Hills,,
RE150,,
Radian,,
Regency Place,,
Regency Village,,
Residence at 850,,
Residences @ Malden Station,,
Residences at Great Pond,,
Residences at Riverwalk,,
Residences at Simonds Park,,
Revio Revere Beach,,
Revolution at Assembly Row,,
River Pointe at Den Rock,,
Riverbend on the Charles,,
Rolling Meadows,,
Rosemary Lake Apartments,,
Royal Crest Estates,,
Rozzie,,
SORA Revere,,
Sagewell Hanover,,
Sanctuary at Winchester North,,
Shrewsbury Commons,,
Skyline Commons,,
Slade Farm Residences,,
South Winds Apartments,,
Station 117 Apartments,,
Station 316,,
Sterling Lofts,,
Stone Gate,,
Stonehill Towers,,
TGM Andover Park,,
Talia Apartments,,
The Artemis at Arlington Heights,,
The Asher,,
The Atherton,,
The Aver,,
The Basin,,
The Beck,,
The Block at Odell,,
The Brynx,,
The Chesterfield,,
The Cordovan at Haverhill Station,,
The Devon at Weiss Farm,,
The Eliot on Ocean,,
The Harvey,,
The Heights at Cape Ann,,
The Heights at Haverhill,,
The Huntington,,
The Kiln,,
The Kinloch Apartments,,
The MERC at Moody & Main,,
The Metlo,,
The Pioneer,,
The Point at 3 North,,
The Prescott at Concord,,
The Proof,,
The Residence at Joans Farm,,
The Retreat at Marlborough,theretreat@greystar.com,https://sebhousing.com/property/the-retreat-at-marlborough/
The Slate,,
The Smith,,
The Sylvan Foxborough,,
The Victor by Windsor,,
The Watson Quincy,,
The Westcott Swampscott,,
Thread Hyde Park,,
Town & Country Apartments,,
Towne Lyne Village,,
Tudor Glen Village,,
Union & West,,
Union Place,,
Urbane at Alewife,,
Velo Forest Hills,,
Villas at Old Concord,,
Viva Lake Shore,,
Voke Lofts,,
Vox on Two,,
Washington Crossing,,
Washington Mill,,
Watch Factory Lofts,,
Water's Edge Apartments,,
Waterford Village,,
Watermark Kendall East,,
Watermills,,
Waterside Place,,
Watertown Mews,,
Webster Woods,,
West Of Chestnut,,
West Village,,
Wexford Village,,
Weymouth Place,,
Willow Trace Apartments,,
Windsor Mystic River,,
Windsor Radio Factory,,
Windsor Ridge @ Westborough,,
eaves Burlington,,
eaves Wilmington and Wilmington West,,
240 Conant,,
30 Haven Apartments,,
3200 Washington,,
3200 Washington,,
345 Harrison,,
603 Concord at Fresh Pond,,
808 - 812 Memorial Drive,,
AVA Back Bay,,
Alta Oxbow,,
Arborpoint at Market Street,,
Arlington 360,,
Arris Somerville,,
Avalon at Bear Hill,,
Avalon at Chestnut Hill,,
Avana Weymouth Apartments,,
Avenir Apartments,,
Axis Admiral's Hill,,
Bell Watertown,,
Boston East,,
Braintree Village,,
Canton Woods,,
Charles River Landing,,
Faxon Common,,
Fenway Triangle,,
Flats on First,,
Gateway Apartments,,
Georgetown & Granada Apartments,,
Halstead Framingham,,
Halstead Malden Square Apts,,
Halstead Salem,,
Hanove Colony Plaza,,
Harborwalk Apartments (Plymouth),,
Hawthorne COmmons,,
Highpoint Quincy,,
Jefferson @ Dedham Station,,
Jefferson @ Salem Station,,
Liberty Park,,
Liberty Place,,
Lincoln Heights,,
Linea Cambridge,,
Lofts at Kendall Square,,
Longview Place,,
Luxe at Alewife,,
Metro Marina Bay,,
Miscela,,
Modera Newton,,
Norwest Woods (DO NOT USE),,
Nova Quincy,,
One North of Boston,,
One65 Main,,
Park77,,
Parkway Heights,,
Princeton Crossing,,
Quarrystone At Overlook Ridge,,
Reading Commons,,
Rosecliff,,
Rosecliff Apartments,,
Summit Place,,
The Buckley Apartments,,
The Commons At Windsor Gardens,,
The Kensington,,
The Landing at Vinnin Square,,
The Laurent,,
The Maslight,,
The Millery,,
The Point at Merrimack River,,
The Ridge,,
The Wright,,
Twenty/20,,
Van Ness,,
Vinnin Square Apartments,,
Wellington Parkside Apartments,,
Wellington Place,,
Whitney Towers,,
Woodfield Commons,,
Modera Medford Luxury,moderamedford@millcreekplaces.com,https://sebhousing.com/property/modera-medford/
Kennedy Biscuit Lofts Luxury,,
Metro at,,
Continuum,,
